Couleurs,Liste de mots,Reponses,Temps de reponse,Iteration
Rouge,Vert,Vert,0.5186097621917725,1
Vert,Rouge,Rouge,0.5068979263305664,2
Bleu,Vert,,1.0000362396240234,3
Bleu,Rouge,,1.000010967254639,4
Rouge,Bleu,Rouge,0.0011329650878906,5
Rouge,Rouge,Rouge,0.0036830902099609,6
Rouge,Vert,Rouge,0.0037519931793212,7
Vert,Vert,Vert,0.002593994140625,8
Vert,Vert,Vert,0.0049071311950683,9
Vert,Vert,Rouge,0.0059039592742919,10
