Couleurs,Liste de mots,Reponses,Temps de reponse,Iteration
Bleu,Vert,Vert,0.5391740798950195,1
Vert,Vert,Vert,0.4602839946746826,2
Bleu,Vert,Vert,0.4932839870452881,3
Bleu,Rouge,Rouge,0.5588300228118896,4
Rouge,Rouge,Rouge,0.6588830947875977,5
Rouge,Rouge,Rouge,0.4268879890441894,6
Rouge,Vert,Vert,0.4466650485992431,7
Vert,Rouge,Rouge,0.6013989448547363,8
Rouge,Bleu,Bleu,0.5478651523590088,9
Rouge,Rouge,Rouge,0.4921889305114746,10