Couleurs,Liste de mots,Reponses,Temps de reponse,Iteration
green,Bleu,b,0.6710867881774902,1
blue,Rouge,b,0.0012619495391845703,2
blue,Bleu,r,0.011730194091796875,3
blue,Bleu,b,0.0007407665252685547,4
blue,Vert,b,0.0010259151458740234,5
blue,Rouge,v,0.0008101463317871094,6
blue,Vert,r,0.0010769367218017578,7
blue,Bleu,v,0.0008051395416259766,8
red,Bleu,b,0.0008189678192138672,9
green,Rouge,b,0.0011169910430908203,10