Couleurs,Liste de mots,Reponses,Temps de reponse,Iteration
Bleu,Vert,Vert,0.5462172031402588,1
Rouge,Bleu,Bleu,0.4691078662872314,2
Rouge,Rouge,Rouge,0.5645391941070557,3
Rouge,Vert,Vert,0.4380800724029541,4
Bleu,Bleu,Bleu,0.346323013305664,5
Vert,Rouge,Rouge,0.5336949825286865,6
Rouge,Bleu,Bleu,0.5237288475036621,7
Bleu,Bleu,Bleu,0.6724228858947754,8
Rouge,Vert,Vert,0.5109720230102539,9
Rouge,Vert,Vert,0.5086469650268555,10
