Couleurs,Liste de mots,Reponses,Temps de reponse,Iteration
blue,Vert,v,0.4218738079071045,1
blue,Vert,v,0.4724128246307373,2
green,Rouge,r,0.4927659034729004,3
red,Bleu,b,0.4919469356536865,4
red,Bleu,b,0.5255849361419678,5
blue,Vert,v,0.4313540458679199,6
blue,Bleu,b,0.5343029499053955,7
red,Bleu,b,0.5680029392242432,8
red,Vert,v,0.4250679016113281,9
blue,Bleu,b,0.49028682708740234,10
