Couleurs,Liste de mots,Reponses,Temps de reponse,Iteration
Rouge,Vert,Vert,0.475517988204956,1
Vert,Rouge,Rouge,0.5589859485626221,2
Bleu,Rouge,Rouge,0.4978280067443847,3
Bleu,Rouge,Rouge,0.4406309127807617,4
Rouge,Rouge,Rouge,0.489825963973999,5
Bleu,Vert,Vert,0.5651259422302246,6
Rouge,Vert,Vert,0.6435470581054688,7
Vert,Bleu,Bleu,0.4190080165863037,8
Bleu,Rouge,Rouge,0.4933719635009765,9
Bleu,Vert,Rouge,0.4384927749633789,10