Couleurs,Liste de mots,Reponses,Temps de reponse,Iteration
Bleu,Vert,Bleu,0.8766798973083496,1
Rouge,Vert,Rouge,0.8673300743103027,2
Bleu,Bleu,Bleu,0.8693008422851562,3
Rouge,Vert,Vert,0.7939310073852539,4
Vert,Rouge,,1.0000231266021729,5
Vert,Rouge,Rouge,0.001824140548706,6
Bleu,Vert,,1.0000121593475342,7
Vert,Vert,Bleu,0.0013558864593505,8
Vert,Vert,Vert,0.5783171653747559,9
Vert,Bleu,Vert,0.0016019344329833,10